<xml>

<bean name="BEAN" value="ModelList"/>
<bean name="TEMPLATE" value="../page/model_form_templete.jsp"/>
<bean name="gathers">
<![CDATA[
select gather_id as K,gather_name AS V from v_lb_gather where user_id = ${session.get('user_id')<INT>}
]]></bean>
<bean name="cust_classes">
<![CDATA[
select cust_class_id as K,cust_class_name AS V from lb_cust_class order by cust_class_order
]]></bean>

<bean name="MAPPING">
<![CDATA[

#set($col={});
#set($btn={});
$col.put("客户名称",{"TYPE":"TEXT", "KEY":"cust_name","VAL":"map.cust_name","OTHER":{"p_verify":"noNull"}});
$col.put("客户电话",{"TYPE":"TEXT", "KEY":"cust_tel","VAL":"map.cust_tel","OTHER":{"p_verify":"ctel"}});
$col.put("性别",{"TYPE":"RADIO", "KEY":"cust_sex","VAL":"map.cust_sex","LIST":[{"K":"男","V":"男","C":"checked"},{"K":"女","V":"女"}]});
$col.put("所属区域",{"TYPE":"AREA", "KEY":"cust_area","VAL":"map.cust_area","OTHER":{"p_verify":"noNull"}});

$col.put("详细地址",{"TYPE":"TEXT", "KEY":"cust_address","VAL":"map.cust_address","OTHER":{"p_verify":"noNull"}});
$col.put("场地面积",{"TYPE":"TEXT", "KEY":"cust_space","VAL":"map.cust_space","AUX":"平米"});
$col.put("项目分类",{"TYPE":"SELECT","KEY":"cust_class_id","VAL":"map.cust_class_id","SQL":"cust_classes"});
$col.put("项目性质",{"TYPE":"TEXT", "KEY":"cust_class_info","VAL":"map.cust_class_info"});
$col.put("信息员",{"TYPE":"SELECT","KEY":"gather_id","VAL":"map.gather_id","SQL":"gathers"});
$col.put("备注",{"TYPE":"TEXTAREA", "KEY":"cust_memo","VAL":"map.cust_memo", "OTHER":{"p_verify":"noNull"}});
$Req.setAttribute("COL",$col);
$Req.setAttribute("VIEWNAME","客户管理"); 

]]>
</bean>
<bean name="CALLBACK">
<![CDATA[
var form = layui.form();
try{
	$("#gather_id").val(req.param.gather_id);
}catch(e){}
form.render();
p_verify["ctel"]=function(o){
	var v = p_verify.val(o);
	if(v.length!=11 || p_verify["number"](o)){
		o.attr("v_check","请填写手机号码");
	}else{
		
		o.attr("v_check","手机号码有重复");
		p_verify.get("pa/lb_tel_only.s",{tel:o.val()},function(data){
			if(data.length==0){
				o.attr("v_check","Y");
			}
		},"json");
	}
};
]]>
</bean>
</xml>