<xml>
<bean name="SQL">
<![CDATA[
INSERT INTO lb_cust_info (
	cust_name,
	gather_id,
	cust_tel,
	cust_sex,
	cust_memo,
	cust_class_id,
	cust_class_info,
	cust_area,
	cust_address,
	cust_space,
	cust_create_date
)
VALUES
(
${cust_name<STRING>},
${gather_id<STRING>},
${cust_tel<STRING>},
${cust_sex<STRING>},
${cust_memo<STRING>},
${cust_class_id<STRING>},
${cust_class_info<STRING>},
${cust_area<STRING>},
${cust_address<STRING>},
${cust_space<STRING>},
now()
)

]]>
</bean>

</xml>
