<xml>
<bean name="DSQL">
<![CDATA[
SELECT
	c.cust_id,
	u.user_id,
	c.cust_name,
	c.cust_tel,
	CASE
WHEN c.cust_measure = 'N' THEN
	'未支付'
WHEN c.cust_measure = 'Y' THEN
	'支付'
WHEN c.cust_measure = 'ING' THEN
	'支付待审'
ELSE
	'未知'
END AS cust_measure_pay,
 CASE
WHEN c.cust_status = 'FOLLOW' THEN
	'跟进'
WHEN c.cust_status = 'SIGN' THEN
	'签单'
WHEN c.cust_status = 'SIGNING' THEN
	'签单待审'
WHEN c.cust_status = 'MEASURE' THEN
	'量房'
WHEN c.cust_status = 'MEASURING' THEN
	'量房待审'
WHEN c.cust_status = 'DELETE' THEN
	'删除'
ELSE
	'未知'
END AS cust_status_e,
 c.cust_measure,
 g.gather_name,
 c.cust_status,
 DATE_FORMAT(c.cust_create_date,'%Y-%m-%d') cust_create_date,
 u.user_name,
 (
	SELECT
		count(1)
	FROM
		lb_follow f
	WHERE
		f.other_id = c.cust_id
	AND f.follow_type = 'cust'
) follow_num,
 datediff(
	NOW(),
	(
		SELECT
			max(f.follow_create_date)
		FROM
			lb_follow f
		WHERE
			f.other_id = c.cust_id
		AND f.follow_type = 'cust'
	)
) follow_day
FROM
	v_lb_cust_info c,
	v_lb_gather g,
	lb_user u
WHERE
	g.gather_id = c.gather_id
AND u.user_id = g.user_id
AND (c.cust_status IN ('MEASURING','SIGNING') OR c.cust_measure = 'ING')

#if (! $v.isEmpty("cust_name"))
 and c.cust_name like  CONCAT('%', ${v.set("cust_name","STRING")},'%')
#end
#if (! $v.isEmpty("cust_tel"))
 and c.cust_tel like  CONCAT('%', ${v.set("cust_tel","STRING")},'%')
#end

#if (! $v.equals("gather_id","ALL") && ! $v.isEmpty("gather_id"))
 and g.gather_id = ${v.set("gather_id","INT")}
#end
#if (! $v.equals("user_id","ALL") && ! $v.isEmpty("user_id"))
 and u.user_id = ${v.set("user_id","INT")}
#end
#if (! $v.equals("cust_id","ALL") && ! $v.isEmpty("cust_id"))
 and c.cust_id = ${v.set("cust_id","INT")}
#end

ORDER BY
	follow_day asc,cust_id desc
#if (! $v.isEmpty("_page"))
limit ${v.set("_page","INT")},${v.set("_offset","INT")}
#end
]]>

</bean>
<bean name="BEAN" value="ModelList"/>
<bean name="TEMPLATE" value="../page/model_list_templete.jsp"/>
<bean name="TOTAL" value="pa/lb_cust_measure_check_total.s" />
 
<bean name="gathers">
<![CDATA[
select gather_id as K,gather_name AS V from v_lb_gather where user_id = ${session.get('user_id')<INT>}
]]></bean>
<bean name="my_user">
<![CDATA[
select user_id K,user_name V from lb_user u
where u.user_id = ${session.get('user_id')<INT>} or u.user_id in(select s.user_s_id from lb_user_acc_sm s where s.user_m_id = ${session.get('user_id')<INT>} )
]]></bean>

<bean name="MAPPING">
<![CDATA[

#set($col={});
#set($btn={});
#set($colgroup=[50]);
$col.put("ID","map.cust_id");
$col.put("客户名称","cust_name:map");
$col.put("隶属人","map.user_name");
$col.put("信息员","map.gather_name");

$col.put("电话","map.cust_tel");
$col.put("创建时间","map.cust_create_date");

$col.put("信息费","map.cust_measure_pay");
$col.put("状态","map.cust_status_e");
$col.put("回访次数","follow:map");
$col.put("未回访天数","map.follow_day");
$col.put("操作","opt:map");

$Req.setAttribute("colgroup",$colgroup);
$Req.setAttribute("COL",$col);
$Req.setAttribute("VIEWNAME","客户信息审批"); 
$Req.setAttribute("DATAURL","pa/lb_cust_measure_check.s");
 

#set($search={}); 
$search.put("编码",{"TYPE":"TEXT","KEY":"cust_id","OTHER":{"onkeyup":"this.value=this.value.replace(/\D/g,'')", "onafterpaste":"this.value=this.value.replace(/\D/g,'')"}});
$search.put("姓名",{"TYPE":"TEXT", "KEY":"cust_name"});
$search.put("手机",{"TYPE":"TEXT", "KEY":"cust_tel"});
$search.put("信息员",{"TYPE":"SELECT","KEY":"gather_id","SQL":"gathers","ISNULL":"ALL"});
$search.put("隶属人",{"TYPE":"SELECT","KEY":"user_id","SQL":"my_user","ISNULL":"ALL"});
$Req.setAttribute("SEARCH",$search);

]]>
</bean>
<bean name="CALLBACK">
<![CDATA[


cmd.data("follow",function(o,v){
	o.html("");
	var a = $("<a href='javascript:'></a>");
	a.html(v.follow_num+"次");
	a.click(function(){
		var req = {};
		req["param"] = {other_id:v.cust_id,follow_type:"cust"};
		req["win"]="pa/lb_follow.v";
		req["info"]="pa/lb_follow.s";
		
		win(req);
	});
	o.append(a);
	if(v.follow_day>10){
		a.attr("style","color:red");
	}
});
cmd.data("cust_name",function(o,v){
	o.html("");
	var span = $('<a href="javascript:">'+v.cust_name+'</a>')
	span.click(function(){
		var req = {};
		req["param"] = {cust_id:v.cust_id,other_id:v.cust_id,follow_type:"cust"};
		req["win"]="pa/lb_cust_info.v";
		req["info"]="pa/lb_cust_info.s";
		req["follow"]="pa/lb_follow.s";
		info(req);
	});
	o.append(span);
});
cmd.data("opt",function(o,v){
	
	
	
	var check = $('<span class="operate" style="cursor:pointer;">[审批]</span>')
	check.click(function(){
		
		if(v.cust_measure=="ING"){//支付待审
			layer.open({
				content: "信息费审批",
				btn: ['通过','驳回','关闭'],
				yes: function(index, layero){
				   $.get("pa/lb_cust_info_pay_check.u",{cust_measure:"Y",cust_id:v.cust_id},function(){
					   init();
					   layer.closeAll();
				   });
				}
				,btn2: function(index, layero){
				    $.get("pa/lb_cust_info_pay_check.u",{cust_measure:"N",cust_id:v.cust_id},function(){
					   init();
					   layer.closeAll();
				   });
				   return false;
				}
				,btn3: function(index, layero){
					layer.closeAll();
					return false;
				}
			});
			 
		}else{
			var check = {};
			check["MEASURING"]={"INFO":"量房审批","YES":"MEASURE","NO":"FOLLOW"};
			check["SIGNING"]={"INFO":"签单审批","YES":"SIGN","NO":"MEASURE"};
			layer.open({
				content: check[v.cust_status]["INFO"],
				btn: ['通过','驳回','关闭'],
				yes: function(index, layero){
				   $.get("pa/lb_cust_info_status.u",{cust_status:check[v.cust_status]["YES"],cust_id:v.cust_id},function(){
					   init();
					   layer.closeAll();
				   });
				}
				,btn2: function(index, layero){
				   $.get("pa/lb_cust_info_status.u",{cust_status:check[v.cust_status]["NO"],cust_id:v.cust_id},function(){
					   init();
					   layer.closeAll();
				   });
				   return false;
				}
				,btn3: function(index, layero){
					layer.closeAll();
					return false;
				}
			});
			
		}
		
	});
	o.append(check);
	
	
	
	 
	
});
]]>
</bean>
</xml>