<xml>
<bean name="SQL">
<![CDATA[
SELECT
	c.*,
	
	getTel(${session.get('user_opt')<INT>},${session.get('user_id')<INT>},g.user_id,c.cust_tel) as cust_tel,
	c2.cust_class_name
FROM
	v_lb_cust_info c,lb_cust_class c2,v_lb_gather g
where c.cust_class_id = c2.cust_class_id
 and g.gather_id = c.gather_id
  and c.cust_id = ${cust_id<INT>}
]]>
</bean>

<bean name="BEAN" value="ModelList"/>
<bean name="TEMPLATE" value="../lb/model_form_templete.jsp"/>
<bean name="MAPPING">
<![CDATA[
/*
#set($col={});
#set($btn={});

$col.put("客户名称",{"TYPE":"TEXT", "KEY":"cust_name","VAL":"map.cust_name","OTHER":{"p_verify":"noNull"}});
$col.put("客户电话",{"TYPE":"TEXT", "KEY":"cust_tel","VAL":"map.cust_tel","OTHER":{"p_verify":"ctel"}});
$col.put("性别",{"TYPE":"TEXT", "KEY":"cust_sex","VAL":"map.cust_sex"});
$col.put("所属区域",{"TYPE":"TEXT", "KEY":"cust_area","VAL":"map.cust_area"});

$col.put("详细地址",{"TYPE":"TEXT", "KEY":"cust_address","VAL":"map.cust_address"});
$col.put("场地面积",{"TYPE":"TEXT", "KEY":"cust_space","VAL":"map.cust_space","AUX":"平米"});
$col.put("项目分类",{"TYPE":"TEXT","KEY":"cust_class_name","VAL":"map.cust_class_name"});

$col.put("项目性质",{"TYPE":"TEXT", "KEY":"cust_class_info","VAL":"map.cust_class_info"});

$col.put("备注",{"TYPE":"TEXTAREA", "KEY":"cust_memo","VAL":"map.cust_memo"});

$Req.setAttribute("COL",$col);
$Req.setAttribute("VIEWNAME","客户资料"); 

#set($follow={});
$follow.put("ID","map.follow_id");
$follow.put("时间","map.follow_create_date");
$follow.put("跟进人","map.follow_name");
$follow.put("信息","map.follow_info");
$Req.setAttribute("FOLLOW",$follow);
*/

]]>
</bean>
<bean name="CALLBACK">
<![CDATA[
$("#followbtn").off("click");
$("#followbtn").click(function(){
	var param = {};
	param["follow_info"] = $("#follow_info").val(); 
	$.extend(param,req["param"]);
	if(param["follow_info"]==""){
		layer.msg("填写跟进信息");
		return;
	}
	var $that = $(this);
	$that.attr("disabled", true); 
	setTimeout(function(){
		$that.removeAttr("disabled");
	},1000);
	$.post("pa/lb_follow_add.u",param,function(){
		$that.removeAttr("disabled");
		$("#follow_info").val("");
		callBack(req);
		top.frames['main'].init();
	});
});
]]>
</bean>
<bean name="CAPTION">
<![CDATA[
<form class="layui-form" onsubmit="return false;" action="">
  <div class="layui-form-item layui-form-text">
      <textarea name="desc" placeholder="请输入内容" id="follow_info" class="layui-textarea"></textarea>
  </div>
  <div class="layui-form-item layui-form-text">
		<button class="layui-btn" id="followbtn" lay-submit lay-filter="formDemo">立即提交</button>
  </div>
</form>
]]>
</bean>
</xml>