<xml>
<bean name="DSQL">
<![CDATA[
select follow_id , date_format(follow_create_date,'%Y-%m-%d') follow_create_date,follow_name,
follow_info 
from lb_follow 
where follow_type=${v.set("follow_type","STRING")} and other_id=${v.set("other_id","INT")}
order by follow_id desc
#if (! $v.isEmpty("_page"))
limit ${v.set("_page","INT")},${v.set("_offset","INT")}
#end
]]>
</bean>
<bean name="BEAN" value="ModelList"/>
<bean name="TOTAL" value="pa/lb_follow_total.s"/>

<bean name="TEMPLATE" value="../page/win_list_templete.jsp"/>

<bean name="MAPPING">
<![CDATA[
#set($col={});
#set($btn={});
$col.put("ID","map.follow_id");
$col.put("时间","map.follow_create_date");
$col.put("跟进人","map.follow_name");

$col.put("信息","map.follow_info");


$Req.setAttribute("COL",$col);

$Req.setAttribute("BUTTON",$btn)
$Req.setAttribute("DATAURL","pa/lb_user.s");
$Req.setAttribute("VIEWNAME","跟进管理");

]]>
</bean>
<bean name="CALLBACK">
<![CDATA[
	$("#followbtn").on("click",function(){
		
		
		var param = {};
		param["follow_info"] = $("#follow_info").val(); 
		$.extend(param,req["param"]);
		if(param["follow_info"]==""){
			layer.msg("填写跟进信息");
			return;
		}
		var $that = $(this);
		$that.attr("disabled", true); 
		$that.off("click");
		setTimeout(function(){
			$that.removeAttr("disabled");
		},1000);
		$.post("pa/lb_follow_add.u",param,function(){
			$that.removeAttr("disabled");
			$("#follow_info").val("");
			callBack(req);
			top.frames['main'].init();
			
		});
	});
]]>
</bean>
<bean name="CAPTION">
<![CDATA[
<form class="layui-form" onsubmit="return false;" action="">
  <div class="layui-form-item layui-form-text">
      <textarea name="desc" placeholder="请输入内容" id="follow_info" class="layui-textarea"></textarea>
  </div>
  <div class="layui-form-item layui-form-text">
		<button class="layui-btn" id="followbtn" lay-submit lay-filter="formDemo">立即提交</button>
  </div>
</form>
]]>
</bean>

</xml>
