<xml>
<bean name="DSQL">
<![CDATA[
SELECT
	g.gather_id,
	g.gather_name,
	g.gather_co,
	getTel(${v.set("session.get('user_opt')","INT")},${v.set("session.get('user_id')","INT")},u.user_id,g.gather_tel) as gather_tel,
	g.gather_level,
	g.gather_type,
	g.gather_weixin,
	g.gather_weixin_jion,
	DATE_FORMAT(g.gather_create_date,'%Y-%m-%d %H时') gather_create_date,
	u.user_name,
	u.user_id,
	(select max(f.follow_create_date) from lb_follow f where f.other_id = g.gather_id and f.follow_type='gather') follow_max,
	datediff(NOW(),(select max(f.follow_create_date) from lb_follow f where f.other_id = g.gather_id and f.follow_type='gather')) follow_day,
	(select count(1) from lb_follow f where f.other_id = g.gather_id and f.follow_type='gather') follow_num,
	(select count(1) from v_lb_cust_info c where c.gather_id = g.gather_id) cust_num,
	(select count(1) from v_lb_cust_info c where c.gather_id = g.gather_id and c.cust_status in('MEASURE','SIGN')) measure_num,
	(select count(1) from v_lb_cust_info c where c.gather_id = g.gather_id and c.cust_measure='Y' and c.cust_status in('MEASURE','SIGN')) measure_pay_num,
	(select count(1) from v_lb_cust_info c where c.gather_id = g.gather_id and c.cust_measure='Y' and c.cust_status in('SIGN')) 
	sign_num

FROM
	v_lb_gather g,
	lb_user u
WHERE
	u.user_id = g.user_id
 and (u.user_id = ${v.set("session.get('user_id')","INT")} or u.user_id in(select s.user_s_id from lb_user_acc_sm s where s.user_m_id = ${v.set("session.get('user_id')","INT")}))
 
 
#if (! $v.equals("gather_id","ALL") && ! $v.isEmpty("gather_id"))
 and g.gather_id = ${v.set("gather_id","INT")}
#end
#if (! $v.isEmpty("gather_name"))
 and g.gather_name like  CONCAT('%', ${v.set("gather_name","STRING")},'%')
#end
#if (! $v.isEmpty("gather_tel"))
 and g.gather_tel like  CONCAT('%', ${v.set("gather_tel","STRING")},'%')
#end
#if (! $v.equals("user_id","ALL") && ! $v.isEmpty("user_id"))
 and u.user_id = ${v.set("user_id","INT")}
#end

ORDER BY follow_max asc,gather_id desc
#if (! $v.isEmpty("_page"))
limit ${v.set("_page","INT")},${v.set("_offset","INT")}
#end
]]>
</bean>
<bean name="my_user">
<![CDATA[
select user_id K,user_name V from lb_user u
where u.user_id = ${session.get('user_id')<INT>} or u.user_id in(select s.user_s_id from lb_user_acc_sm s where s.user_m_id = ${session.get('user_id')<INT>} )
]]></bean>
<bean name="gathers">
<![CDATA[
select gather_id as K,gather_name AS V from v_lb_gather where user_id = ${session.get('user_id')<INT>}
]]></bean>
<bean name="TOTAL" value="pa/lb_gathers_total.s" />
<bean name="BEAN" value="ModelList"/>
<bean name="SIGN" value="TRUE"/>


<bean name="TEMPLATE" value="../page/model_list_templete.jsp"/>
<bean name="MAPPING">
<![CDATA[

#set($col={});
#set($btn={});


#*
#set($colgroup=[150,150,200]);
$Req.setAttribute("colgroup",$colgroup);
*#
$col.put("编号","map.gather_id");
$col.put("姓名","gatherName:map");
$col.put("单位","map.gather_co");
$col.put("手机","map.gather_tel");
$col.put("微信","wx:map");
$col.put("性质","map.gather_type");
$col.put("隶属人","map.user_name");
$col.put("等级","map.gather_level");
$col.put("创建时间","map.gather_create_date");
$col.put("回访次数","follow:map"); 
$col.put("未回访天数","map.follow_day");
$col.put("客户量","cust_num:map");
$col.put("量房数","measure_num:map");
$col.put("信息费","measure_pay_num:map");
$col.put("信息提成","sign_num:map");
$col.put("操作","opt:map");

#set($search={}); 
$search.put("编号",{"TYPE":"TEXT","KEY":"gather_id","OTHER":{"onkeyup":"this.value=this.value.replace(/\D/g,'')", "onafterpaste":"this.value=this.value.replace(/\D/g,'')"}});
$search.put("姓名",{"TYPE":"TEXT", "KEY":"gather_name"});
$search.put("手机",{"TYPE":"TEXT", "KEY":"gather_tel"});
$search.put("隶属人",{"TYPE":"SELECT","KEY":"user_id","SQL":"my_user","ISNULL":"ALL"});
$Req.setAttribute("SEARCH",$search);
$Req.setAttribute("COL",$col);
$Req.setAttribute("VIEWNAME","信息员管理"); 
$Req.setAttribute("DATAURL","pa/lb_gathers.s");
$btn.put("新增","add({'win':'pa/lb_gather.v','add':'pa/lb_gather_add.u'})");
$Req.setAttribute("BUTTON",$btn);

]]>
</bean>
<bean name="CALLBACK">
<![CDATA[

cmd.data("measure_num",function(o,v){
	o.html("");
	var a = $("<a href='javascript:'></a>");
	a.attr("href","pa/lb_cust_infos.v?gather_id="+v.gather_id+"&cust_status=MEASURE");
	a.html(v.measure_num);
	o.append(a);
});
cmd.data("measure_pay_num",function(o,v){
	o.html("");
	var a = $("<a href='javascript:'></a>");
	a.attr("href","pa/lb_cust_infos.v?gather_id="+v.gather_id+"&cust_status=MEASURE_PAY_NUM");
	a.html(v.measure_pay_num);
	o.append(a);
});

cmd.data("sign_num",function(o,v){
	o.html("");
	var a = $("<a href='javascript:'></a>");
	a.attr("href","pa/lb_cust_infos.v?gather_id="+v.gather_id+"&cust_status=SIGN_NUM");
	a.html(v.sign_num);
	o.append(a);
});


cmd.data("cust_num",function(o,v){
	
	o.html("");
	var a = $("<a href='javascript:'></a>");
	a.attr("href","pa/lb_cust_infos.v?gather_id="+v.gather_id);
	a.html(v.cust_num);
	o.append(a);
});
cmd.data("wx",function(o,v){
	o.html("");
	var span = $("<span></span>");
	span.html(v.gather_weixin);
	if(v.gather_weixin_jion=="N" && v.gather_weixin){
		span.html(v.gather_weixin+"(未关注)");
	}
	o.append(span);
});
cmd.data("gatherName",function(o,v){
	o.html("");
	var a = $("<a href='javascript:'></a>");
	a.html(v.gather_name);
	a.click(function(){
		var req = {};
		req["param"] = {gather_id:v.gather_id,other_id:v.gather_id,follow_type:"gather"};
		req["win"]="pa/lb_gather.v";
		req["info"]="pa/lb_gather.s";
		req["follow"]="pa/lb_follow.s";
		
		info(req);

	});
	o.append(a);
});
cmd.data("follow",function(o,v){
	o.html("");
	var a = $("<a href='javascript:'></a>");
	a.html(v.follow_num+"次 ");
	
	if(v.user_id == my_user_id){
		a.click(function(){
			var req = {};
			req["param"] = {other_id:v.gather_id,follow_type:"gather"};
			req["win"]="pa/lb_follow.v";
			req["info"]="pa/lb_follow.s";
			win(req);
		});
		
	}else{
		a.click(function(){
			msg("无权操作");
		});
	}
	o.append(a);
	if(v.follow_day>10){
		a.attr("style","color:red");
	}
});
cmd.data("opt",function(o,v){
	o.html("");
	var span = $('<span class="operate" style="cursor:pointer;">[添加客户]</span>')
	span.click(function(){
		var req = {};
		req["param"] = {gather_id:v.gather_id};
		req["win"]="pa/lb_cust_info_upt.v";
		req["add"]="pa/lb_cust_info_add.u";
		
		add(req);
	});
	

	var $del = $('<span class="operate" style="cursor:pointer;">[删除]</span>')
	$del.click(function(){
		layer.confirm('是否要删除？', {
		  btn: ['确认','取消'] 
		}, function(){
		   $.get("pa/lb_gather_del.u",{gather_id:v.gather_id},function(){
			   init();
			   layer.closeAll();
		   });
		}, function(){
		   layer.closeAll();
		});
	});
	
	if(v.user_id == my_user_id){
		o.append($del);
		o.append(span);
	}
});
]]>
</bean>
</xml>