<xml>
<bean name="SQL">
<![CDATA[
select
	g.gather_id,
	g.gather_name,
	g.gather_co,
	getTel(${session.get('user_opt')<INT>},${session.get('user_id')<INT>},g.user_id,g.gather_tel) as gather_tel,
	g.gather_area,
	g.gather_card,
	g.gather_address,
	
	g.gather_type,
	g.gather_level,
	g.gather_weixin,
	g.gather_weixin_jion,
	g.gather_status
from v_lb_gather g
where g.gather_id = ${gather_id<INT>}

]]>
</bean>

<bean name="BEAN" value="ModelList"/>
<bean name="TEMPLATE" value="../lb/model_form_templete.jsp"/>
<bean name="MAPPING">
<![CDATA[
/*
#set($col={});
$col.put("姓名",{"TYPE":"TEXT", "KEY":"gather_name","VAL":"map.gather_name","OTHER":{"p_verify":"noNull"}});
$col.put("单位",{"TYPE":"TEXT", "KEY":"gather_co","VAL":"map.gather_co"});
$col.put("手机",{"TYPE":"TEXT", "KEY":"gather_tel","VAL":"map.gather_tel","OTHER":{"p_verify":"ctel"}});
$col.put("所属区域",{"TYPE":"AREA", "KEY":"gather_area","VAL":"map.gather_area","OTHER":{"p_verify":"noNull"}});
$col.put("详细地址",{"TYPE":"TEXT", "KEY":"gather_address","VAL":"map.gather_address","OTHER":{"p_verify":"noNull"}});

$col.put("名片",{"TYPE":"UPLOAD", "KEY":"gather_card","VAL":"map.gather_card","OTHER":{"p_verify":"noNull","MSG":"请上传名片"}});
$col.put("微信",{"TYPE":"TEXT", "KEY":"gather_weixin","VAL":"map.gather_weixin"});
$col.put("微信关注",{"TYPE":"RADIO","KEY":"gather_weixin_jion","VAL":"map.gather_weixin_jion","LIST":[{"K":"N","V":"未关注","C":"checked"},{"K":"Y","V":"已关注"}]});
$col.put("性质",{"TYPE":"RADIO","KEY":"gather_type","VAL":"map.gather_type","OTHER":{"p_verify":"noNull","MSG":"填写性质信息"},"LIST":[{"K":"物业","V":"物业"},{"K":"中介","V":"中介"},{"K":"售楼","V":"售楼"},{"K":"招商","V":"招商"},{"K":"其他","V":"其他","C":"checked"}]});

$col.put("等级",{"TYPE":"RADIO","KEY":"gather_level","VAL":"map.gather_level","OTHER":{"p_verify":"noNull","MSG":"填写等级信息"},"LIST":[{"K":"星星","V":"星星","C":"checked"},{"K":"月亮","V":"月亮"},{"K":"太阳","V":"太阳"}]});
$Req.setAttribute("COL",$col);
$Req.setAttribute("VIEWNAME","信息员管理"); 

#set($follow={});
$follow.put("ID","map.follow_id");
$follow.put("时间","map.follow_create_date");
$follow.put("跟进人","map.follow_name");
$follow.put("信息","map.follow_info");
$Req.setAttribute("FOLLOW",$follow);
*/

]]>
</bean>
<bean name="CALLBACK">
<![CDATA[
p_verify["ctel"]=function(o){
	var v = p_verify.val(o);
	if(v.length!=11 || p_verify["number"](o)){
		o.attr("v_check","请填写手机号码");
	}else{
		
		o.attr("v_check","手机号码有重复");
		p_verify.get("pa/lb_tel_only.s",{tel:o.val()},function(data){
			if(data.length==0){
				
				o.attr("v_check","Y");
			}
		},"json");
	}
};
$("#followbtn").off("click");
$("#followbtn").click(function(){
	var param = {};
	param["follow_info"] = $("#follow_info").val(); 
	param["follow_name"] = my_user_name;
	$.extend(param,req["param"]);
	if(param["follow_info"]==""){
		layer.msg("填写跟进信息");
		return;
	}
	var $that = $(this);
	$that.attr("disabled", true); 
	setTimeout(function(){
		$that.removeAttr("disabled");
	},1000);
	$.post("pa/lb_follow_add.u",param,function(){
		$that.removeAttr("disabled");
		$("#follow_info").val("");
		callBack(req);
		top.frames['main'].init();
	});
});
]]>
</bean>

<bean name="CAPTION">
<![CDATA[
<form class="layui-form" onsubmit="return false;" action="">
  <div class="layui-form-item layui-form-text">
      <textarea name="desc" placeholder="请输入内容" id="follow_info" class="layui-textarea"></textarea>
  </div>
  <div class="layui-form-item layui-form-text">
		<button class="layui-btn" id="followbtn" lay-submit lay-filter="formDemo">立即提交</button>
  </div>
</form>
]]>
</bean>

</xml>