<xml>
<bean name="SQL">
<![CDATA[
SELECT
	c.*, dg.dg_status
FROM
	v_lb_cust_info c,
	lb_dg_cust dg
WHERE
	c.cust_id = dg.cust_id
AND dg.user_id = ${session.get('user_id')<INT>}
]]>
</bean>
<bean name="BEAN" value="ModelList"/>
<bean name="TEMPLATE" value="../page/model_list_templete.jsp"/>
<bean name="VIEWNAME" value="我的客户"/>
<bean name="DATAURL" value="pa/lb_my_cust_infos.s"/>
<bean name="MAPPING">
<![CDATA[

#set($col={});
#set($btn={});
#set($colgroup=[50]);
$col.put("ID","map.cust_id"); 
$col.put("姓名","map.cust_name");
$col.put("电话","map.cust_tel"); 

$Req.setAttribute("colgroup",$colgroup);
$Req.setAttribute("COL",$col);
$btn.put("新增","add({'win':'pa/lb_cust_info_upt.v','add':'pa/lb_cust_info_add.u'})");
$Req.setAttribute("BUTTON",$btn);

]]>
</bean>
<bean name="CALLBACK">
<![CDATA[
var my_user_id = $("#my_user_id", top.document);
var my_user_acc = $("#my_user_acc", top.document);

 
cmd.data("opt",function(o,v){
	o.html("");
	var span = $('<span class="operate" style="cursor:pointer;">[详情]</span>')
	span.click(function(){
		var req = {};
		req["param"] = {cust_id:v.cust_id};
		req["win"]="pa/lb_cust_info.v";
		req["info"]="pa/lb_cust_info.s";
		
		info(req);
	});
	o.append(span);
	
	
	var del = $('<span class="operate" style="cursor:pointer;">[删除]</span>')
	del.click(function(){
		layer.confirm('是否要删除？', {
		  btn: ['确认','取消'] 
		}, function(){
		   $.get("pa/lb_cust_info_del.u",{cust_id:v.cust_id},function(){
			   init();
			   layer.closeAll();
		   });
		}, function(){
		   layer.closeAll();
		});
	
	});
	if(v.user_id == my_user_id.val()){
		o.append(del);
	}
	
	//跟进
	var cust_status = v.cust_status;
	
	if(cust_status=="FOLLOW"){
		var $status = $('<span class="operate" style="cursor:pointer;">[量房]</span>');
		$status.click(function(){
			layer.confirm('是否要量房？', {
			  btn: ['确认','取消'] 
			}, function(){
			   $.get("pa/lb_cust_info_measure.u",{cust_id:v.cust_id},function(){
				   init();
				   layer.closeAll();
			   });
			}, function(){
			   layer.closeAll();
			});
		});
		if(v.user_id == my_user_id.val()){
			o.append($status);
		}
	};
	if(cust_status=="MEASURE"){
		var $status = $('<span class="operate" style="cursor:pointer;">[签单]</span>');
		$status.click(function(){
			layer.confirm('是否要签单？', {
			  btn: ['确认','取消'] 
			}, function(){
			   $.get("pa/lb_cust_info_sign.u",{cust_id:v.cust_id},function(){
				   init();
				   layer.closeAll();
			   });
			}, function(){
			   layer.closeAll();
			});
		});
		if(v.user_id == my_user_id.val()){
			o.append($status);
		}
	};
	if((cust_status=="MEASURE" || cust_status=="SIGN") && v.cust_measure =="N"){
		var $pay = $('<span class="operate" style="cursor:pointer;">[信息费]</span>');
		$pay.click(function(){
			layer.confirm('是否支付信息费？', {
			  btn: ['确认','取消'] 
			}, function(){
			   $.get("pa/lb_cust_info_pay.u",{cust_id:v.cust_id},function(){
				   init();
				   layer.closeAll();
			   });
			}, function(){
			   layer.closeAll();
			});
		});
		if(v.user_id == my_user_id.val()){
			o.append($pay);
		}
	};
	 
	
});
]]>
</bean>
</xml>