<xml>
<bean name="SQL">
<![CDATA[
select * from lb_user
]]>
</bean>
<bean name="BEAN" value="ModelList"/>
<bean name="TEMPLATE" value="../page/model_list_templete.jsp"/>

<bean name="MAPPING">
<![CDATA[
#set($col={});
#set($btn={});
$col.put("名称","map.user_name");
$col.put("联系电话","map.user_tel");
$col.put("账号","map.user_acc");
$col.put("操作","opt:map");
$Req.setAttribute("COL",$col);

$btn.put("新增","add({'win':'pa/lb_user_info.v','add':'pa/lb_user_add.u'})");
$Req.setAttribute("BUTTON",$btn)
$Req.setAttribute("DATAURL","pa/lb_user.s");
$Req.setAttribute("VIEWNAME","员工管理");
$Req.setAttribute("SCRIPT","lb/index.js");

]]>
</bean>
<bean name="CALLBACK">
<![CDATA[
cmd.data("opt",function(o,v){
	o.html("");
	var span = $('<span class="operate" style="cursor:pointer;">[赋权]</span>')
	span.click(function(){
		var req = {};
		req["param"] = {user_id:v.user_id};
		req["win"]="pa/lb_user_auth.v";
		req["info"]="pa/lb_user_auth.s";
	
		win(req);
	});
	o.append(span);
	
	var update = $('<span class="operate" style="cursor:pointer;">[修改]</span>')
	update.click(function(){
		var req = {};
		req["param"] = {id:v.user_id};
		req["win"]="pa/lb_user_info.v";
		req["info"]="pa/lb_user_info.s";
		req["upt"] ="pa/lb_user_upt.u";
		upt(req);
	
	});
	o.append(update);
	
	var html = $('<span class="operate" style="cursor:pointer;">[删除]</span>')
	html.click(function(){
		layer.confirm('是否要删除？', {
		  btn: ['确认','取消']
		}, function(){
		   $.get("pa/lb_user_del.u",{id:v.user_id},function(){
			   init();
			   layer.closeAll();
		   });
		}, function(){
		   layer.closeAll();
		});
	
	});
	o.append(html);
	
});
]]>
</bean>
</xml>
