<xml>
<bean name="SQL">
<![CDATA[
SELECT u.*,us.user_m_id FROM (select * from lb_user where user_id != ${user_id<INT>}) u LEFT JOIN 
(select user_m_id,user_s_id from lb_user_acc_sm where user_m_id = ${user_id<INT>}) us 
on u.user_id = us.user_s_id
]]>
</bean>
<bean name="BEAN" value="ModelList"/>
<bean name="TEMPLATE" value="../page/win_list_templete.jsp"/>
<bean name="MAPPING">
<![CDATA[
#set($col={});
$col.put("名称","map.user_name");
$col.put("联系电话","map.user_tel");
$col.put("账号","map.user_acc");
$col.put("操作","opt:map");
$Req.setAttribute("COL",$col);
]]>
</bean>
<bean name="CALLBACK">
<![CDATA[
cmd.data("opt",function(o,v){
	if(v.user_m_id){
		o.html("");
		var span = $('<span class="operate" style="cursor:pointer;">[取消]</span>');
		span.click(function(){
			
			$.get("pa/lb_user_auth_del.u",{user_s_id:v.user_id,user_id:req.param.user_id},function(){
			   callBack(req);
		   });
		});
		o.append(span);
	}else{
		o.html("");
		var span = $('<span class="operate" style="cursor:pointer;">[赋权]</span>');
		span.click(function(){
			
			$.get("pa/lb_user_auth_add.u",{user_s_id:v.user_id,user_id:req.param.user_id},function(){
			   callBack(req);
		   });
		});
		o.append(span);
	}
	
});
]]>
</bean>
</xml>
