<xml>
<bean name="SQL">
<![CDATA[
select user_id,user_acc,user_name,user_opt from lb_user where user_acc = ${user_acc<STRING>} and user_pwd = ${user_pwd<STRING>}
]]>
</bean>
<bean name="FILTER" value="YES"/>
<bean name="DEBUGGER" value="TRUE"/>
<bean name="BEAN" value="ModelList"/>
<bean name="TEMPLATE" value="../page/model_form_templete.jsp"/>
<bean name="MAPPING">
<![CDATA[
#set($col={});
$col.put("账号",{"TYPE":"TEXT", "KEY":"user_acc"});
$col.put("密码",{"TYPE":"PASSWORD", "KEY":"user_pwd"});

$Req.setAttribute("COL",$col);
$Req.setAttribute("VIEWNAME","登录");
]]>
</bean>
<bean name="VIEW">
#if (!$this.isEmpty())
	$session.setAttribute("user_id",$this[0].user_id)
	$session.setAttribute("user_acc",$this[0].user_acc)
	$session.setAttribute("user_name",$this[0].user_name)
	$session.setAttribute("user_opt",$this[0].user_opt)
	
#end
$v.toJson()
</bean>
</xml>
